Storename,Product,Size/Weight,Unit Price,Sale Price,Saving
PAK'nSAVE Westgate,Avocado,ea,,$0.89,$0.00
PAK'nSAVE Westgate,Cadbury Dairy Milk Chocolate Bar,45g,$1.98/100g,$0.89,$0.00
PAK'nSAVE Westgate,Cadbury Crunchie Chocolate Bar,50g,$1.78/100g,$0.89,$0.00
PAK'nSAVE Westgate,Cadbury Picnic Chocolate Bar,46g,$1.93/100g,$0.89,$0.00
PAK'nSAVE Westgate,Cadbury Moro Chocolate Bar,50g,$1.78/100g,$0.89,$0.00
PAK'nSAVE Westgate,Cadbury Flake Chocolate Bar,30g,$2.97/100g,$0.89,$0.00
PAK'nSAVE Westgate,Cadbury Biscoff Chocolate Bar,45g,$1.98/100g,$0.89,$0.00
PAK'nSAVE Westgate,Cadbury Perky Nana Chocolate Bar,45g,$1.98/100g,$0.89,$0.00
PAK'nSAVE Westgate,Cadbury Twirl Chocolate Bar,39g,$2.28/100g,$0.89,$0.00
PAK'nSAVE Westgate,Hugos Italian Apricot Croissant,50g,$1.98/100g,$0.99,$0.00
PAK'nSAVE Westgate,Hugos Italian Croissant Chocolate & Hazelnut,45g,$2.20/100g,$0.99,$0.00
PAK'nSAVE Westgate,Living Foods Sandwich Pack Sprouts,120g,$8.25/1kg,$0.99,$0.00
PAK'nSAVE Westgate,Jack Link's Original Beef Stick,12g,$99.17/1kg,$1.19,$0.00
PAK'nSAVE Westgate,Skittles Crazy Sours Fruit Tubes,30g,$3.97/100g,$1.19,$0.00
PAK'nSAVE Westgate,Skittles Fruit Confectionery Tubes,30g,$3.97/100g,$1.19,$0.00
PAK'nSAVE Westgate,Jack Link's Teriyaki Beef Stick,12g,$99.17/1kg,$1.19,$0.00
PAK'nSAVE Westgate,Meadow Fresh Blueberry Yoghurt Pouch,70g,$1.70/100g,$1.19,$0.00
PAK'nSAVE Westgate,Meadow Fresh Mango Peach Yoghurt Pouch,70g,$1.70/100g,$1.19,$0.00
PAK'nSAVE Westgate,Meadow Fresh Vanilla Yoghurt Pouch,70g,$1.70/100g,$1.19,$0.00
PAK'nSAVE Westgate,Meadow Fresh Mixed Berry Yoghurt Pouch,70g,$1.70/100g,$1.19,$0.00
PAK'nSAVE Westgate,Meadow Fresh Strawberry Yoghurt Pouch,70g,$1.70/100g,$1.19,$0.00
PAK'nSAVE Westgate,Leeks,ea,,$1.50,$0.00
PAK'nSAVE Westgate,Wattie's Italian Style Tomatoes,400g,$3.98/1kg,$1.59,$0.00
PAK'nSAVE Westgate,Wattie's Roast Garlic & Onion Tomatoes,400g,$3.98/1kg,$1.59,$0.00
PAK'nSAVE Westgate,Wattie's Mexican Style Tomatoes,400g,$3.98/1kg,$1.59,$0.00
PAK'nSAVE Westgate,Wattie's Indian Style Tomatoes,400g,$3.98/1kg,$1.59,$0.00
PAK'nSAVE Westgate,Wattie's Savoury Tomatoes,400g,$3.98/1kg,$1.59,$0.00
PAK'nSAVE Westgate,Anchor Uno Squeezie Smooth Mixed Berry Yoghurt,100g,$1.79/100g,$1.79,$0.00
PAK'nSAVE Westgate,Anchor Uno Squeezie Smooth Banana Yoghurt,100g,$1.79/100g,$1.79,$0.00
PAK'nSAVE Westgate,Anchor Uno Squeezie Smooth Strawberry Yoghurt,100g,$1.79/100g,$1.79,$0.00
PAK'nSAVE Westgate,Anchor Uno Squeezie Smooth Vanilla Yoghurt,100g,$1.79/100g,$1.79,$0.00
PAK'nSAVE Westgate,Anchor Uno Squeezie Smooth Peach Mango Yoghurt,100g,$1.79/100g,$1.79,$0.00
PAK'nSAVE Westgate,The Collective Splitz Toffee 'nana Greek Yoghurt,140g,$1.28/100g,$1.79,$0.00
PAK'nSAVE Westgate,The Collective Splitz Churro Greek Yoghurt,140g,$1.28/100g,$1.79,$0.00
PAK'nSAVE Westgate,The Collective Splitz Choc Berry Greek Yoghurt,140g,$1.28/100g,$1.79,$0.00
PAK'nSAVE Westgate,The Collective Splitz Bickies 'n' Cream Greek Yoghurt,140g,$1.28/100g,$1.79,$0.00
PAK'nSAVE Westgate,Continental Macci & Cheese Instant Pasta Snack,53g,$3.45/100g,3 for $5.00 ($1.67 ea),$0.16 ea
PAK'nSAVE Westgate,Continental Carbonara Instant Pasta Snack,50g,$3.66/100g,3 for $5.00 ($1.67 ea),$0.16 ea
PAK'nSAVE Westgate,Continental Bolognese Instant Pasta Snack,59g,$3.10/100g,3 for $5.00 ($1.67 ea),$0.16 ea
PAK'nSAVE Westgate,Wattie's Spaghetti In Tomato Sauce,420g,$0.45/100g,$1.89,$0.00
PAK'nSAVE Westgate,Wattie's Baked Beans In Tomato Sauce,420g,$0.45/100g,$1.89,$0.00
PAK'nSAVE Westgate,Fantastic Chicken Instant Noodle Cup,70g,$2.70/100g,$1.89,$0.00
PAK'nSAVE Westgate,Fantastic Beef Instant Noodle Cup,70g,$2.70/100g,$1.89,$0.00
PAK'nSAVE Westgate,Crispeas BBQ Pea Crackers,100g,$1.89/100g,$1.89,$0.00
PAK'nSAVE Westgate,Crispeas Original Pea Crackers,100g,$1.89/100g,$1.89,$0.00
PAK'nSAVE Westgate,Mrs Rogers Naturals Eco Black Mustard Seeds,40g,$0.50/10g,2 for $3.00 ($1.50 ea),$0.49 ea
PAK'nSAVE Westgate,Mrs Rogers Naturals Eco Sage,10g,$1.99/10g,2 for $3.00 ($1.50 ea),$0.49 ea
PAK'nSAVE Westgate,Mrs Rogers Naturals Eco Black Sesame Seeds,40g,$0.50/10g,2 for $3.00 ($1.50 ea),$0.49 ea
PAK'nSAVE Westgate,Mrs Rogers Naturals Eco Ground Allspice,30g,$0.66/10g,2 for $3.00 ($1.50 ea),$0.49 ea
PAK'nSAVE Westgate,Mrs Rogers Naturals Eco Yellow Mustard Seeds,40g,$0.50/10g,2 for $3.00 ($1.50 ea),$0.49 ea
PAK'nSAVE Westgate,Mrs Rogers Naturals Eco Whole Allspice,20g,$1.00/10g,2 for $3.00 ($1.50 ea),$0.49 ea
PAK'nSAVE Westgate,Mrs Rogers Naturals Eco Chopped Chives,5g,$3.98/10g,2 for $3.00 ($1.50 ea),$0.49 ea
PAK'nSAVE Westgate,Mrs Rogers Naturals Eco Poppy Seeds,40g,$0.50/10g,2 for $3.00 ($1.50 ea),$0.49 ea
PAK'nSAVE Westgate,Broccoli,ea,,3 for $5.00 ($1.67 ea),$0.32 ea
PAK'nSAVE Westgate,Mrs Rogers Naturals Eco Sumac,30g,$0.66/10g,2 for $3.00 ($1.50 ea),$0.49 ea
PAK'nSAVE Westgate,Bluebird Originals Ready Salted Potato Chips,150g,$1.33/100g,$1.99,$0.00
PAK'nSAVE Westgate,Bluebird Originals Chicken Potato Chips,150g,$1.33/100g,$1.99,$0.00
PAK'nSAVE Westgate,Bluebird Originals Sour Cream & Chives Potato Chips,150g,$1.33/100g,$1.99,$0.00
PAK'nSAVE Westgate,Bluebird Originals Salt & Vinegar Potato Chips,150g,$1.33/100g,$1.99,$0.00
PAK'nSAVE Westgate,Bluebird Thinly Cut Ready Salted Potato Chips,140g,$1.42/100g,$1.99,$0.00
PAK'nSAVE Westgate,Bluebird Thinly Cut Sour Cream & Chives Potato Chips,140g,$1.42/100g,$1.99,$0.00
PAK'nSAVE Westgate,Bluebird Thinly Cut Chicken Potato Chips,140g,$1.42/100g,$1.99,$0.00
PAK'nSAVE Westgate,Bluebird Thinly Cut Salt & Vinegar Potato Chips,140g,$1.42/100g,$1.99,$0.00
PAK'nSAVE Westgate,Bluebird Originals Green Onion Potato Chips,150g,$1.33/100g,$1.99,$0.00
PAK'nSAVE Westgate,Mrs Rogers Naturals Eco Tarragon Leaves,7g,$2.84/10g,2 for $3.00 ($1.50 ea),$0.49 ea
PAK'nSAVE Westgate,Bluebird Thick Cut Epic Salt & Vinegar Potato Chips,150g,$1.33/100g,$1.99,$0.00
PAK'nSAVE Westgate,Bluebird Thick Cut Salted Potato Chips,150g,$1.33/100g,$1.99,$0.00
PAK'nSAVE Westgate,Eta Ridgies Smoky Bacon & & Cheese Potato Chips,140g,$1.42/100g,$1.99,$0.00
PAK'nSAVE Westgate,Eta Ridgies Ready Salted Potato Chips,140g,$1.42/100g,$1.99,$0.00
PAK'nSAVE Westgate,Bluebird Originals Lamb & Mint Potato Chips,140g,$1.42/100g,$1.99,$0.00
PAK'nSAVE Westgate,Mrs Rogers Naturals Eco Mint,10g,$1.99/10g,2 for $3.00 ($1.50 ea),$0.49 ea
PAK'nSAVE Westgate,Mrs Rogers Eco White Sesame Seeds,40g,$0.50/10g,2 for $3.00 ($1.50 ea),$0.49 ea
PAK'nSAVE Westgate,Mrs Rogers Naturals Eco Ground Chipotle,30g,$0.66/10g,2 for $3.00 ($1.50 ea),$0.49 ea
PAK'nSAVE Westgate,Eta Uppercuts Sea Salt Potato Chips,140g,$1.42/100g,$1.99,$0.00
PAK'nSAVE Westgate,Mrs Rogers Naturals Eco Mixed Spice,30g,$0.66/10g,2 for $3.00 ($1.50 ea),$0.49 ea
PAK'nSAVE Westgate,Mrs Rogers Naturals Eco Onion Flakes,20g,$1.00/10g,2 for $3.00 ($1.50 ea),$0.49 ea
PAK'nSAVE Westgate,Mrs Rogers Naturals Eco Ground Cloves,35g,$0.57/10g,2 for $3.00 ($1.50 ea),$0.49 ea
PAK'nSAVE Westgate,Mrs Rogers Naturals Eco Parsley,8g,$2.49/10g,2 for $3.00 ($1.50 ea),$0.49 ea
PAK'nSAVE Westgate,Everytime Rice Moments Honey & Soy Flavour Thick Rice Crackers,100g,$1.99/100g,$1.99,$0.00
PAK'nSAVE Westgate,Mrs Rogers Naturals Eco Basil,10g,$1.99/10g,2 for $3.00 ($1.50 ea),$0.49 ea
PAK'nSAVE Westgate,Mrs Rogers Naturals Eco Ground Nutmeg,20g,$1.00/10g,2 for $3.00 ($1.50 ea),$0.49 ea
PAK'nSAVE Westgate,Mrs Rogers Naturals Eco Dill,10g,$1.99/10g,2 for $3.00 ($1.50 ea),$0.49 ea
PAK'nSAVE Westgate,Eta Uppercuts Sea Salt & Balsamic Vinegar Potato Chips,140g,$1.42/100g,$1.99,$0.00
PAK'nSAVE Westgate,Mrs Rogers Naturals Eco Rosemary,20g,$1.00/10g,2 for $3.00 ($1.50 ea),$0.49 ea
PAK'nSAVE Westgate,Mrs Rogers Natural Eco Cloves,20g,$1.00/10g,2 for $3.00 ($1.50 ea),$0.49 ea
PAK'nSAVE Westgate,Mrs Rogers Eco Cumin Seeds,30g,$0.66/10g,2 for $3.00 ($1.50 ea),$0.49 ea
PAK'nSAVE Westgate,Mrs Rogers Naturals Eco Chinese Five Spice,30g,$0.66/10g,2 for $3.00 ($1.50 ea),$0.49 ea
PAK'nSAVE Westgate,Mrs Rogers Naturals Eco Coriander Seeds,21g,$0.95/10g,2 for $3.00 ($1.50 ea),$0.49 ea
PAK'nSAVE Westgate,Mrs Rogers Naturals Eco Pickling Spice,25g,$0.80/10g,2 for $3.00 ($1.50 ea),$0.49 ea
PAK'nSAVE Westgate,Mrs Rogers Naturals Eco Garlic Granules,40g,$0.50/10g,2 for $3.00 ($1.50 ea),$0.49 ea
PAK'nSAVE Westgate,Mrs Rogers Naturals Eco Mustard Powder,30g,$0.66/10g,2 for $3.00 ($1.50 ea),$0.49 ea
PAK'nSAVE Westgate,Mrs Rogers Naturals Eco Chilli Powder,35g,$0.57/10g,2 for $3.00 ($1.50 ea),$0.49 ea
PAK'nSAVE Westgate,Mrs Rogers Naturals Eco Celery Seeds,30g,$0.66/10g,2 for $3.00 ($1.50 ea),$0.49 ea
PAK'nSAVE Westgate,Mrs Rogers Naturals Eco Marjoram,10g,$1.99/10g,2 for $3.00 ($1.50 ea),$0.49 ea
PAK'nSAVE Westgate,Mrs Rogers Naturals Eco Black Peppercorns,30g,$0.66/10g,2 for $3.00 ($1.50 ea),$0.49 ea
PAK'nSAVE Westgate,Mrs Rogers Naturals Eco Ground Cayenne Pepper,30g,$0.66/10g,2 for $3.00 ($1.50 ea),$0.49 ea
PAK'nSAVE Westgate,Mrs Rogers Naturals Eco Mixed Herbs,10g,$1.99/10g,2 for $3.00 ($1.50 ea),$0.49 ea
PAK'nSAVE Westgate,Mrs Rogers Naturals Eco Smoked Paprika,34g,$0.59/10g,2 for $3.00 ($1.50 ea),$0.49 ea
PAK'nSAVE Westgate,Mrs Rogers Naturals Eco Thyme,15g,$1.33/10g,2 for $3.00 ($1.50 ea),$0.49 ea
PAK'nSAVE Westgate,Mrs Rogers Naturals Eco Curry Powder,40g,$0.50/10g,2 for $3.00 ($1.50 ea),$0.49 ea
PAK'nSAVE Westgate,Mrs Rogers Naturals Eco Garam Masala,35g,$0.57/10g,2 for $3.00 ($1.50 ea),$0.49 ea
PAK'nSAVE Westgate,Mrs Rogers Naturals Eco Fennel Seeds,26g,$0.77/10g,2 for $3.00 ($1.50 ea),$0.49 ea
PAK'nSAVE Westgate,Mrs Rogers Naturals Eco Garlic Powder,40g,$0.50/10g,2 for $3.00 ($1.50 ea),$0.49 ea
PAK'nSAVE Westgate,Mrs Rogers Naturals Eco Ground Cinnamon,30g,$0.66/10g,2 for $3.00 ($1.50 ea),$0.49 ea
PAK'nSAVE Westgate,Mrs Rogers Naturals Eco Ground Paprika,40g,$0.50/10g,2 for $3.00 ($1.50 ea),$0.49 ea
PAK'nSAVE Westgate,Mrs Rogers Naturals Eco Italian Herbs,11g,$1.81/10g,2 for $3.00 ($1.50 ea),$0.49 ea
PAK'nSAVE Westgate,Mrs Rogers Naturals Eco Ground Cumin,40g,$0.50/10g,2 for $3.00 ($1.50 ea),$0.49 ea
PAK'nSAVE Westgate,Mrs Rogers Naturals Eco Turmeric,40g,$0.50/10g,2 for $3.00 ($1.50 ea),$0.49 ea
PAK'nSAVE Westgate,Mrs Rogers Naturals Eco Chilli Flakes,20g,$1.00/10g,2 for $3.00 ($1.50 ea),$0.49 ea
PAK'nSAVE Westgate,Mrs Rogers Naturals Eco Ground Ginger,30g,$0.66/10g,2 for $3.00 ($1.50 ea),$0.49 ea
PAK'nSAVE Westgate,Mrs Rogers Naturals Eco Ground Coriander,30g,$0.66/10g,2 for $3.00 ($1.50 ea),$0.49 ea
PAK'nSAVE Westgate,Mrs Rogers Naturals Eco Onion Powder Fine,40g,$0.50/10g,2 for $3.00 ($1.50 ea),$0.49 ea
PAK'nSAVE Westgate,Mrs Rogers Naturals Eco Oregano,10g,$1.99/10g,2 for $3.00 ($1.50 ea),$0.49 ea
PAK'nSAVE Westgate,Eta Uppercuts Sweet Chilli Relish Potato Chips,140g,$1.42/100g,$1.99,$0.00
PAK'nSAVE Westgate,Shanghai Bok Choy,ea,,2 for $3.00 ($1.50 ea),$0.49 ea
PAK'nSAVE Westgate,Hellers Shaved Manuka Smoked Ham,100g,$19.90/1kg,$1.99,$0.00
PAK'nSAVE Westgate,Braeburn Apples,kg,$1.99/1kg,$1.99,$0.00
PAK'nSAVE Westgate,NZ Celery,ea,,$2.00,$0.00
PAK'nSAVE Westgate,Morinaga Hi-Chew Grape & Strawberry Fruit Mix,100g,$2.19/100g,$2.19,$0.00
PAK'nSAVE Westgate,Morinaga Hi-Chew Grape Peach & Lychee Mix,100g,$2.19/100g,$2.19,$0.00
PAK'nSAVE Westgate,Morinaga Hi-Chew Fruit Combos,85g,$2.58/100g,$2.19,$0.00
PAK'nSAVE Westgate,Morinaga Hi-Chew Tropical Mix,100g,$2.19/100g,$2.19,$0.00
PAK'nSAVE Westgate,Morinaga Hi-Chew Sweet & Sour Mix,90g,$2.43/100g,$2.19,$0.00
PAK'nSAVE Westgate,Morinaga Hi-Chew Original Mix,100g,$2.19/100g,$2.19,$0.00
PAK'nSAVE Westgate,New Zealand Apple Products Dried New Zealand Apple Chips,30g,$76.33/1kg,$2.29,$0.00
PAK'nSAVE Westgate,Diamond Spaghetti Pasta,500g,$0.46/100g,$2.29,$0.00
PAK'nSAVE Westgate,Diamond Fettuccine Pasta,500g,$0.46/100g,$2.29,$0.00
PAK'nSAVE Westgate,Diamond Spirals Pasta,500g,$0.46/100g,$2.29,$0.00
PAK'nSAVE Westgate,Diamond Penne Pasta,500g,$0.46/100g,$2.29,$0.00
PAK'nSAVE Westgate,Diamond Macaroni Pasta,500g,$0.46/100g,$2.29,$0.00
PAK'nSAVE Westgate,Diamond Lasagna Pasta,375g,$0.61/100g,$2.29,$0.00
PAK'nSAVE Westgate,Diamond Angel Hair Pasta,500g,$0.46/100g,$2.29,$0.00
PAK'nSAVE Westgate,Diamond Boccoli Pasta,500g,$0.46/100g,$2.29,$0.00
PAK'nSAVE Westgate,Diamond Vegetable Spirals Pasta,450g,$0.51/100g,$2.29,$0.00
PAK'nSAVE Westgate,Diamond Seashells Pasta,500g,$0.46/100g,$2.29,$0.00
PAK'nSAVE Westgate,Diamond Wholemeal Spaghetti Pasta,500g,$0.46/100g,$2.29,$0.00
PAK'nSAVE Westgate,Diamond Bow Ties,500g,$0.46/100g,$2.29,$0.00
PAK'nSAVE Westgate,Diamond Orzo,500g,$0.46/100g,$2.29,$0.00
PAK'nSAVE Westgate,Diamond Wholemeal Penne Pasta,500g,$0.46/100g,$2.29,$0.00
PAK'nSAVE Westgate,Wattie's Peppa Pig Shapes In Tomato Sauce Pasta Meals,300g,$0.76/100g,3 for $5.00 ($1.67 ea),$0.62 ea
PAK'nSAVE Westgate,Farrah's Taco Mild Spice Mix,35g,$6.54/100g,$2.29,$0.00
PAK'nSAVE Westgate,Every Time Original Rice Nibbles,120g,$1.91/100g,$2.29,$0.00
PAK'nSAVE Westgate,Every Time Tangy BBQ Rice Nibbles,18pk,$1.99/100g,$2.29,$0.00
PAK'nSAVE Westgate,Farrah's Nacho Mild Spice Mix,40g,$5.73/100g,$2.29,$0.00
PAK'nSAVE Westgate,Farrah's Crispy Chicken Mild Spice Mix,60g,$3.82/100g,$2.29,$0.00
PAK'nSAVE Westgate,Farrah's Smoky Chipotle Spice Mix,40g,$5.73/100g,$2.29,$0.00
PAK'nSAVE Westgate,Double Decker Cheese Corntos,70g,$3.33/100g,3 for $5.00 ($1.67 ea),$0.66 ea
PAK'nSAVE Westgate,Double Decker Cheese Ring,70g,$3.33/100g,3 for $5.00 ($1.67 ea),$0.66 ea
PAK'nSAVE Westgate,Double Decker Chilli Cheese Corntos,70g,$3.33/100g,3 for $5.00 ($1.67 ea),$0.66 ea
PAK'nSAVE Westgate,Beehive Sweet & Smokey Champagne Shaved Ham,100g,$23.90/1kg,$2.39,$0.00
PAK'nSAVE Westgate,Ceres Organics Organic Whole Peeled Tomatoes,400g,$5.98/1kg,$2.39,$0.00
PAK'nSAVE Westgate,Ceres Organics Organic Cherry Tomatoes,400g,$5.98/1kg,$2.39,$0.00
PAK'nSAVE Westgate,Ceres Organics Organic Chopped Tomatoes,400g,$5.98/1kg,$2.39,$0.00
PAK'nSAVE Westgate,Ceres Organics Organic Cannellini Beans,400g,$5.98/1kg,$2.39,$0.00
PAK'nSAVE Westgate,Ceres Organics Mixed Beans,400g,$5.98/1kg,$2.39,$0.00
PAK'nSAVE Westgate,Ceres Organics Butter Beans,400g,$5.98/1kg,$2.39,$0.00
PAK'nSAVE Westgate,Ceres Organics Organic Chickpeas Garbanzo Beans,400g,$5.98/1kg,$2.39,$0.00
PAK'nSAVE Westgate,Ceres Organics Red Kidney Beans,400g,$5.98/1kg,$2.39,$0.00
PAK'nSAVE Westgate,Pascall Pineapple Lumps,120g,$1.99/100g,$2.39,$0.00
PAK'nSAVE Westgate,Beehive Shaved Beef Pastrami,100g,$23.90/1kg,$2.39,$0.00
PAK'nSAVE Westgate,Pascall Passionfruit Pavlova Dessert Lumps,120g,$1.99/100g,$2.39,$0.00
PAK'nSAVE Westgate,Beehive Shaved Champagne Ham,100g,$23.90/1kg,$2.39,$0.00
PAK'nSAVE Westgate,Beehive Shaved Honey Baked Ham,100g,$23.90/1kg,$2.39,$0.00
PAK'nSAVE Westgate,Beehive Shaved Peppered Ham,100g,$23.90/1kg,$2.39,$0.00
PAK'nSAVE Westgate,Sour Patch Kids Sweets,190g,$1.26/100g,$2.39,$0.00
PAK'nSAVE Westgate,Lee Kum Kee Ready Sauce For Sweet Chilli Chicken,145g,$1.72/100g,$2.49,$0.00
PAK'nSAVE Westgate,Lee Kum Kee Gluten Free Sweet & Spicy Minced Beef Ready Sauce,120g,$2.08/100g,$2.49,$0.00
PAK'nSAVE Westgate,Lee Kum Kee Ready Sauce For Butter Chicken,120g,$2.08/100g,$2.49,$0.00
PAK'nSAVE Westgate,Lay's Stax Original Potato Chips,105g,$2.37/100g,$2.49,$0.00
PAK'nSAVE Westgate,Lee Kum Kee Ready Sauce For Teriyaki Beef,100g,$2.49/100g,$2.49,$0.00
PAK'nSAVE Westgate,New Zealand Kettle Korn Salted And Sweet Popcorn,100g,$2.49/100g,$2.49,$0.00
PAK'nSAVE Westgate,Mother Earth Apple & Blackcurrant Fruit Sticks,152g,$1.64/100g,$2.49,$0.00
PAK'nSAVE Westgate,Lee Kum Kee Gluten Free Cantonese Beef Ready Sauce,100g,$2.49/100g,$2.49,$0.00
PAK'nSAVE Westgate,Lee Kum Kee Ready Sauce For Hoisin Minced Pork,110g,$2.26/100g,$2.49,$0.00
PAK'nSAVE Westgate,Lee Kum Kee Ready Sauce For Coconut Curry Vegetables,110g,$2.26/100g,$2.49,$0.00
PAK'nSAVE Westgate,Lee Kum Kee Ready Sauce For Black Pepper Beef,120g,$2.08/100g,$2.49,$0.00
PAK'nSAVE Westgate,Lee Kum Kee Gluten Free Thai Green Curry Ready Sauce,120g,$2.08/100g,$2.49,$0.00
PAK'nSAVE Westgate,Lee Kum Kee Gluten Free Pad Thai Ready Sauce,120g,$2.08/100g,$2.49,$0.00
PAK'nSAVE Westgate,Lee Kum Kee Ready Sauce For Honey & Soy Chicken,120g,$2.08/100g,$2.49,$0.00
PAK'nSAVE Westgate,Lee Kum Kee Ready Sauce For Cantonese Chicken,120g,$2.08/100g,$2.49,$0.00
PAK'nSAVE Westgate,Lee Kum Kee Gluten Free Satay Chicken Ready Sauce,110g,$2.26/100g,$2.49,$0.00
PAK'nSAVE Westgate,Lee Kum Kee Gluten Free Sweet & Sour Pork Ready Sauce,145g,$1.72/100g,$2.49,$0.00
PAK'nSAVE Westgate,Lee Kum Kee Korean Pork Stir Fry Ready Sauce,100g,$2.49/100g,$2.49,$0.00
PAK'nSAVE Westgate,Lee Kum Kee Ready Sauce For Cantonese Chow Mein,120g,$2.08/100g,$2.49,$0.00
PAK'nSAVE Westgate,Cyclops Lactose Free Vanilla NZ Yoghurt,130g,$1.92/100g,$2.49,$0.00
PAK'nSAVE Westgate,Cyclops Lactose Free Mixed Berry NZ Yoghurt,130g,$1.92/100g,$2.49,$0.00
PAK'nSAVE Westgate,Bikano Spicy Coated Peanuts,150g,$1.66/100g,$2.49,$0.00
PAK'nSAVE Westgate,Tasti Choc Drizzle Chewy Muesli Squares,175g,$1.42/100g,$2.49,$0.00
PAK'nSAVE Westgate,Tasti Double Choc Chewy Muesli Squares,175g,$1.42/100g,$2.49,$0.00
PAK'nSAVE Westgate,Bikano Khatta Mitha,150g,$1.66/100g,$2.49,$0.00
PAK'nSAVE Westgate,Tasti Strawberry & White Choc Chewy Muesli Squares,175g,$1.42/100g,$2.49,$0.00
PAK'nSAVE Westgate,Bikano Aloo Bhujia,150g,$1.66/100g,$2.49,$0.00
PAK'nSAVE Westgate,Mother Earth Apple & Strawberry Fruit Sticks,152g,$1.64/100g,$2.49,$0.00
PAK'nSAVE Westgate,Mother Earth Spinach Apple Blueberry & Banana Vege Fruit Sticks,152g,$1.64/100g,$2.49,$0.00
PAK'nSAVE Westgate,Bikano Crunchy Green Gram,150g,$1.66/100g,$2.49,$0.00
PAK'nSAVE Westgate,Mother Earth Apple & Raspberry Fruit Sticks,152g,$1.64/100g,$2.49,$0.00
PAK'nSAVE Westgate,Bluebird Rashuns Party Bag,190g,$1.31/100g,$2.49,$0.00
PAK'nSAVE Westgate,Farrah's Apple & Cinnamon Wraps,6pk,$0.42/ea,$2.49,$0.00
PAK'nSAVE Westgate,Doritos Cheese Supreme Corn Chips,170g,$1.52/100g,$2.59,$0.00
PAK'nSAVE Westgate,Doritos Thai Sweet Chilli Corn Chips,170g,$1.52/100g,$2.59,$0.00
PAK'nSAVE Westgate,Doritos Nacho Cheese Corn Chips,170g,$1.52/100g,$2.59,$0.00
PAK'nSAVE Westgate,Wattie's Medium Salsa Chilli Beans,420g,$0.62/100g,$2.59,$0.00
PAK'nSAVE Westgate,Wattie's Mild Chilli Beans,420g,$0.62/100g,$2.59,$0.00
PAK'nSAVE Westgate,Wattie's Hot Chilli Beans,420g,$0.62/100g,$2.59,$0.00
PAK'nSAVE Westgate,Rutherford & Meyer Garlic & Olive Oil Gourmet Wafers,60g,$4.45/100g,$2.67,$0.00
PAK'nSAVE Westgate,Rutherford & Meyer Simply Natural Gourmet Wafers,60g,$4.45/100g,$2.67,$0.00
PAK'nSAVE Westgate,Rutherford & Meyer Three Seed Gourmet Wafers,60g,$4.45/100g,$2.67,$0.00
PAK'nSAVE Westgate,Sealord Savoury Onion Tuna,95g,$28.32/1kg,3 for $5.00 ($1.67 ea),$1.02 ea
PAK'nSAVE Westgate,Sealord Lemon Pepper Flavour Tuna,95g,$28.32/1kg,3 for $5.00 ($1.67 ea),$1.02 ea
PAK'nSAVE Westgate,Sealord Smoked Flavour Tuna,95g,$28.32/1kg,3 for $5.00 ($1.67 ea),$1.02 ea
PAK'nSAVE Westgate,Sealord Sweet Thai Chilli Tuna,95g,$28.32/1kg,3 for $5.00 ($1.67 ea),$1.02 ea
PAK'nSAVE Westgate,Sealord Chunky Style Tuna In Spring Water,95g,$28.32/1kg,3 for $5.00 ($1.67 ea),$1.02 ea
PAK'nSAVE Westgate,Sealord Tomato & Basil Tuna,95g,$28.32/1kg,3 for $5.00 ($1.67 ea),$1.02 ea
PAK'nSAVE Westgate,Sealord Chunky Style Tuna In Oil,95g,$28.32/1kg,3 for $5.00 ($1.67 ea),$1.02 ea
PAK'nSAVE Westgate,Sealord Satay Tuna,95g,$28.32/1kg,3 for $5.00 ($1.67 ea),$1.02 ea
PAK'nSAVE Westgate,Sealord Mayonnaise Tuna,95g,$28.32/1kg,3 for $5.00 ($1.67 ea),$1.02 ea
PAK'nSAVE Westgate,RJ's Oddfellows Spearmints,200g,$1.35/100g,$2.69,$0.00
PAK'nSAVE Westgate,Sealord Olive Oil Blend Tuna,95g,$28.32/1kg,3 for $5.00 ($1.67 ea),$1.02 ea
PAK'nSAVE Westgate,Fabulicious Thirst Lemonade Sherbert Fizz,180g,$1.49/100g,$2.69,$0.00
PAK'nSAVE Westgate,RJ's Mackintosh's Toffee De Luxe,180g,$1.49/100g,$2.69,$0.00
PAK'nSAVE Westgate,Fabulicious Raspberry Twister,200g,$1.35/100g,$2.69,$0.00
PAK'nSAVE Westgate,Fabulicious Raspberry Sherbert Fizz,200g,$1.35/100g,$2.69,$0.00
PAK'nSAVE Westgate,RJ's Oddfellows Mints,200g,$1.35/100g,$2.69,$0.00
PAK'nSAVE Westgate,Fabulicious Green Apple Sherbert Fizz,200g,$1.35/100g,$2.69,$0.00
PAK'nSAVE Westgate,Fabulicious Sour Gummy Rings Duos,180g,$1.49/100g,$2.69,$0.00
PAK'nSAVE Westgate,RJ's Fabulicious Grape Sherbert Fizz Crunch,180g,$1.49/100g,$2.69,$0.00
PAK'nSAVE Westgate,Fabulicious Mixed Flavour Sherbert Fizz,180g,$1.49/100g,$2.69,$0.00
PAK'nSAVE Westgate,Vitasoy Unsweetened Oat Milk,1l,$2.69/1L,$2.69,$0.00
PAK'nSAVE Westgate,Pams Jasmine Rice,1kg,$0.27/100g,$2.69,$0.00
PAK'nSAVE Westgate,Haribo Goldbears,150g,$1.79/100g,2 for $5.00 ($2.50 ea),$0.19 ea
PAK'nSAVE Westgate,Haribo Sweet & Sour Bears,140g,$1.92/100g,2 for $5.00 ($2.50 ea),$0.19 ea
PAK'nSAVE Westgate,Haribo Tangfastics,150g,$1.79/100g,2 for $5.00 ($2.50 ea),$0.19 ea
PAK'nSAVE Westgate,Haribo Vulcano Fizz,140g,$1.92/100g,2 for $5.00 ($2.50 ea),$0.19 ea
PAK'nSAVE Westgate,Vitasoy Unsweetened Almond Milk,1l,$2.69/1L,$2.69,$0.00
PAK'nSAVE Westgate,Haribo Starmix,150g,$1.79/100g,2 for $5.00 ($2.50 ea),$0.19 ea
PAK'nSAVE Westgate,Hellers New Yorker Porker Mini Bites,70g,$39.86/1kg,$2.79,$0.00
PAK'nSAVE Westgate,Arnott's Cracker Chips Honey Soy Chicken Cracker Chips,150g,$1.86/100g,$2.79,$0.00
PAK'nSAVE Westgate,Arnott's Cracker Chips Balsamic Vinegar & Sea Salt Cracker Chips,150g,$1.86/100g,$2.79,$0.00
PAK'nSAVE Westgate,Arnott's Cracker Chips Sea Salt Cracker Chips,150g,$1.86/100g,$2.79,$0.00
PAK'nSAVE Westgate,Wattie's Condensed Tomato Soup,420g,$0.66/100g,$2.79,$0.00
PAK'nSAVE Westgate,Wattie's Condensed Salt Reduced Tomato Soup,420g,$0.66/100g,$2.79,$0.00
PAK'nSAVE Westgate,Wattie's Condensed Creamy Chicken Soup,420g,$0.66/100g,$2.79,$0.00
PAK'nSAVE Westgate,Bluebird Salt & Vinegar Crackers,160g,$1.74/100g,$2.79,$0.00
PAK'nSAVE Westgate,Bluebird Crispy Chicken Crackers,160g,$1.74/100g,$2.79,$0.00
PAK'nSAVE Westgate,Bluebird Sour Cream & Chives Crackers,160g,$1.74/100g,$2.79,$0.00
PAK'nSAVE Westgate,Arnott's Shapes Light & Crispy Honey Soy Chicken Snacks,120g,$2.33/100g,$2.79,$0.00
PAK'nSAVE Westgate,Arnott's Shapes Light & Crispy Balsamic Vinegar & Sea Salt Snacks,120g,$2.33/100g,$2.79,$0.00
PAK'nSAVE Westgate,Hellers Hot Honey Salami Stick,120g,$23.25/1kg,$2.79,$0.00
PAK'nSAVE Westgate,Nippy's Iced Honeycomb Flavoured Milk,24 x 375ml,$7.44/1L,$2.79,$0.00
PAK'nSAVE Westgate,Hellers Cheese Bierstick Mini Bites,70g,$39.86/1kg,$2.79,$0.00
PAK'nSAVE Westgate,Sealord Lemon Sesame & Ginger Tuna,110g,$2.54/100g,$2.79,$0.00
PAK'nSAVE Westgate,Hellers Mild Salami Stick,120g,$23.25/1kg,$2.79,$0.00
PAK'nSAVE Westgate,Hellers Classic Pepperoni Salami Stick,120g,$23.25/1kg,$2.79,$0.00
PAK'nSAVE Westgate,Hellers Smokey Chorizo Mini Bites,70g,$39.86/1kg,$2.79,$0.00
PAK'nSAVE Westgate,Golden Crumpets,6pk,$0.47/ea,2 for $5.00 ($2.50 ea),$0.29 ea
PAK'nSAVE Westgate,Nippy's Iced Mocha Flavoured Milk,375ml,$7.44/1L,$2.79,$0.00
PAK'nSAVE Westgate,Nippy's Iced Coffee Flavoured Milk,375ml,$7.44/1L,$2.79,$0.00
PAK'nSAVE Westgate,Nippy's Chocolate Flavoured Milk,375ml,$7.44/1L,$2.79,$0.00
PAK'nSAVE Westgate,Griffin's Classic Cameo Cremes,250g,$1.12/100g,$2.79,$0.00
PAK'nSAVE Westgate,Griffin's Lemon Treats Biscuits,250g,$1.12/100g,$2.79,$0.00
PAK'nSAVE Westgate,Nippy's Iced Strawberry Flavoured Milk,375ml,$7.44/1L,$2.79,$0.00
PAK'nSAVE Westgate,Griffin's Melting Moments Biscuits,250g,$1.12/100g,$2.79,$0.00
PAK'nSAVE Westgate,Wattie's Garlic Pasta Sauce,420g,$0.66/100g,$2.79,$0.00
PAK'nSAVE Westgate,Wattie's Original Pasta Sauce,420g,$0.66/100g,$2.79,$0.00
PAK'nSAVE Westgate,Wattie's Tomato & Herb Pasta Sauce,420g,$0.66/100g,$2.79,$0.00
PAK'nSAVE Westgate,Kettle Chip Company Sea Salt Potato Chips,150g,$1.86/100g,$2.79,$0.00
PAK'nSAVE Westgate,Pringles Original Potato Chips,134g,$2.08/100g,2 for $5.00 ($2.50 ea),$0.29 ea
PAK'nSAVE Westgate,Kettle Chip Company Honey Soy Chicken Potato Chips,150g,$1.86/100g,$2.79,$0.00
PAK'nSAVE Westgate,Pringles Sour Cream & Onion Potato Chips,134g,$2.08/100g,2 for $5.00 ($2.50 ea),$0.29 ea
PAK'nSAVE Westgate,Pringles Salt & Vinegar Potato Chips,134g,$2.08/100g,2 for $5.00 ($2.50 ea),$0.29 ea
PAK'nSAVE Westgate,Pringles BBQ Potato Chips,134g,$2.08/100g,2 for $5.00 ($2.50 ea),$0.29 ea
PAK'nSAVE Westgate,Kettle Chip Company Sea Salt & Vinegar Potato Chips,150g,$1.86/100g,$2.79,$0.00
PAK'nSAVE Westgate,Telegraph Cucumber,ea,,$2.79,$0.00
PAK'nSAVE Westgate,Dairyworks Tasty & Rice Crackers,50g,$5.60/100g,$2.80,$0.00
PAK'nSAVE Westgate,Pams Baby Spinach,120g,$24.08/1kg,2 for $5.00 ($2.50 ea),$0.39 ea
PAK'nSAVE Westgate,Eta Crunches Sour Cream & Chives Flavoured Crackers,160g,$1.81/100g,3 for $5.00 ($1.67 ea),$1.22 ea
PAK'nSAVE Westgate,Eta Crunches Roast Chicken Flavoured Crackers,160g,$1.81/100g,3 for $5.00 ($1.67 ea),$1.22 ea
PAK'nSAVE Westgate,Hellers Shaved Honey Baked Ham,100g,$28.90/1kg,2 for $5.00 ($2.50 ea),$0.39 ea
PAK'nSAVE Westgate,Hellers Shaved Champagne Leg Ham,100g,$28.90/1kg,2 for $5.00 ($2.50 ea),$0.39 ea
PAK'nSAVE Westgate,Hellers Sliced Pepperoni Salami,100g,$28.90/1kg,2 for $5.00 ($2.50 ea),$0.39 ea
PAK'nSAVE Westgate,Eta Crunches Cheese & Onion Flavoured Crackers,160g,$1.81/100g,3 for $5.00 ($1.67 ea),$1.22 ea
PAK'nSAVE Westgate,Hellers Mild Salami,90g,$32.11/1kg,2 for $5.00 ($2.50 ea),$0.39 ea
PAK'nSAVE Westgate,Hellers Sliced Italian Salami,100g,$28.90/1kg,2 for $5.00 ($2.50 ea),$0.39 ea
PAK'nSAVE Westgate,Ben's Original Jasmine Rice Microwave Pouch,250g,$1.16/100g,2 for $5.00 ($2.50 ea),$0.39 ea
PAK'nSAVE Westgate,Ben's Original Lightly Flavoured Garlic Rice Microwave Pouch,250g,$1.16/100g,2 for $5.00 ($2.50 ea),$0.39 ea
PAK'nSAVE Westgate,Ben's Original Long Grain Rice Microwave Pouch,250g,$1.16/100g,2 for $5.00 ($2.50 ea),$0.39 ea
PAK'nSAVE Westgate,Ben's Original Mexican Style Rice Microwave Pouch,250g,$1.16/100g,2 for $5.00 ($2.50 ea),$0.39 ea
PAK'nSAVE Westgate,Ben's Original Egg Fried Rice Microwave Pouch,250g,$1.16/100g,2 for $5.00 ($2.50 ea),$0.39 ea
PAK'nSAVE Westgate,Ben's Original Basmati Rice Microwave Pouch,250g,$1.16/100g,2 for $5.00 ($2.50 ea),$0.39 ea
PAK'nSAVE Westgate,Ben's Original Tomato & Basil Rice Microwave Pouch,250g,$1.16/100g,2 for $5.00 ($2.50 ea),$0.39 ea
PAK'nSAVE Westgate,Ben's Original Golden Vegetable Rice Microwave Pouch,250g,$1.16/100g,2 for $5.00 ($2.50 ea),$0.39 ea
PAK'nSAVE Westgate,Ben's Original Brown Rice Microwave Pouch,250g,$1.16/100g,2 for $5.00 ($2.50 ea),$0.39 ea
PAK'nSAVE Westgate,Ben's Original Savoury Chicken Flavour Rice Microwave Pouch,250g,$1.16/100g,2 for $5.00 ($2.50 ea),$0.39 ea
PAK'nSAVE Westgate,Ben's Original Special Fried Rice Microwave Pouch,250g,$1.16/100g,2 for $5.00 ($2.50 ea),$0.39 ea
PAK'nSAVE Westgate,Ben's Original Vegetable Pilau Rice Microwave Pouch,250g,$1.16/100g,2 for $5.00 ($2.50 ea),$0.39 ea
PAK'nSAVE Westgate,Ghiotti Garlic Grissini,125g,$2.31/100g,$2.89,$0.00
PAK'nSAVE Westgate,Ocean Spray 50% Less Sugar Craisins Dried Cranberries,150g,$19.27/1kg,$2.89,$0.00
PAK'nSAVE Westgate,Ocean Spray Original Craisins Dried Cranberries,150g,$19.27/1kg,$2.89,$0.00
PAK'nSAVE Westgate,Arnott's Chocolate Butternut Snap Biscuits,200g,$1.45/100g,$2.89,$0.00
PAK'nSAVE Westgate,Arnott's Chocolate Scotch Finger Biscuits,250g,$1.16/100g,$2.89,$0.00
PAK'nSAVE Westgate,Crown Pumpkin,ea,,$2.99,$0.00
PAK'nSAVE Westgate,Green Capsicum,ea,,$2.99,$0.00
PAK'nSAVE Westgate,Navel Oranges NZ,kg,$2.99/1kg,$2.99,$0.00
PAK'nSAVE Westgate,Cauliflower,ea,,$2.99,$0.00
PAK'nSAVE Westgate,Chop Chop Sweet Chilli Chunks Of Cooked Chicken Breast,160g,$18.69/1kg,2 for $5.50 ($2.75 ea),$0.24 ea
PAK'nSAVE Westgate,Bagged Iceberg Lettuce,ea,,$2.99,$0.00
PAK'nSAVE Westgate,Heartland Kettle Apple Cider Vinegar Potato Chips,150g,$1.99/100g,$2.99,$0.00
PAK'nSAVE Westgate,Arnott's Salada Original Crackers,250g,$1.20/100g,$2.99,$0.00
PAK'nSAVE Westgate,Arnott's Vita-Weat 9 Grains Crispbread,250g,$1.20/100g,$2.99,$0.00
PAK'nSAVE Westgate,Arnott's Cruskits Low Fat Crispbread,125g,$2.39/100g,$2.99,$0.00
PAK'nSAVE Westgate,Arnott's Vita-Weat Cracked Pepper Crispbread,250g,$1.20/100g,$2.99,$0.00
PAK'nSAVE Westgate,Tegel Free Range Sliced Chicken Luncheon,200g,$14.95/1kg,$2.99,$0.00
PAK'nSAVE Westgate,Heartland Kettle Cooked Southern Sea Salt Potato Chips,150g,$1.99/100g,$2.99,$0.00
PAK'nSAVE Westgate,Chop Chop Teriyaki Pieces Of Cooked Chicken Breast,160g,$18.69/1kg,2 for $5.50 ($2.75 ea),$0.24 ea
PAK'nSAVE Westgate,Chop Chop Lite Mayo Shredded Cooked Chicken Breast,160g,$18.69/1kg,2 for $5.50 ($2.75 ea),$0.24 ea
PAK'nSAVE Westgate,Heartland Extreme Crunch Maple Bacon Kettle Waves Potato Chips,150g,$1.99/100g,$2.99,$0.00
PAK'nSAVE Westgate,Heartland Extreme Crunch Apple Cider Vinegar Kettle Waves Potato Chips,150g,$1.99/100g,$2.99,$0.00
PAK'nSAVE Westgate,Daikon Radish,1pk,,2 for $4.00 ($2.00 ea),$0.99 ea
PAK'nSAVE Westgate,Mother Earth Chocolate Chip Baked Oaty Slices,6 x 40g,$1.25/100g,$2.99,$0.00
PAK'nSAVE Westgate,Mother Earth Afghan Baked Oaty Slices,6 x 40g,$1.25/100g,$2.99,$0.00
PAK'nSAVE Westgate,Mother Earth Apricot Choc Baked Oaty Slices,6 x 40g,$1.25/100g,$2.99,$0.00
PAK'nSAVE Westgate,Mother Earth Raspberry & White Choc Baked Oaty Slices,6 x 40g,$1.25/100g,$2.99,$0.00
PAK'nSAVE Westgate,Mother Earth Anzac Baked Oaty Slices,6 x 40g,$1.25/100g,$2.99,$0.00
PAK'nSAVE Westgate,Oreo Original Cookies Family Pack,393g,$0.76/100g,$2.99,$0.00
PAK'nSAVE Westgate,Heartland Kettle Cooked Tokyo Tang Wasabi Mayonnaise Potato Chips,150g,$1.99/100g,$2.99,$0.00
PAK'nSAVE Westgate,Chop Chop Springwater Pieces Of Cooked Chicken Breast,160g,$18.69/1kg,2 for $5.50 ($2.75 ea),$0.24 ea
PAK'nSAVE Westgate,Heartland Extreme Crunch Sweet Chilli Kettle Waves Potato Chips,150g,$1.99/100g,$2.99,$0.00
PAK'nSAVE Westgate,Heartland Extreme Crunch Southern Sea Salt Kettle Waves Potato Chips,150g,$1.99/100g,$2.99,$0.00
PAK'nSAVE Westgate,Nice & Natural Fruit Blocks Fruit Snacks,6 x 20g,$2.49/100g,$2.99,$0.00
PAK'nSAVE Westgate,Nice & Natural Strings Fruit Snacks,8 x 17g,$2.20/100g,$2.99,$0.00
PAK'nSAVE Westgate,Red Capsicum,ea,,$2.99,$0.00
PAK'nSAVE Westgate,Jasons Peanut Ruffs,200g,$1.50/100g,$2.99,$0.00
PAK'nSAVE Westgate,Sun-Maid Natural California Raisins,250g,$11.96/1kg,$2.99,$0.00
PAK'nSAVE Westgate,Jasons Bongo Cheese Flavoured Snacks,200g,$1.50/100g,$2.99,$0.00
PAK'nSAVE Westgate,Jasons Bongo Chicken Flavoured Snacks,200g,$1.50/100g,$2.99,$0.00
PAK'nSAVE Westgate,Nice & Natural Fruit Blasts Juicy Strawberry Fruit Snacks,5 x 20g,$2.99/100g,$2.99,$0.00
PAK'nSAVE Westgate,Pams Red Onions,1kg,$2.99/1kg,$2.99,$0.00
PAK'nSAVE Westgate,Chinese Cabbage (Wong Bok),ea,,2 for $5.00 ($2.50 ea),$0.49 ea
PAK'nSAVE Westgate,Squash Pumpkin,ea,,$2.99,$0.00
PAK'nSAVE Westgate,Leanne's Kitchen Pork and Cabbage Dumplings,250g,$1.20/100g,$3.00,$0.00
PAK'nSAVE Westgate,Leanne's Kitchen Pork and Prawn Dumplings,250g,$1.20/100g,$3.00,$0.00
PAK'nSAVE Westgate,Leanne's Kitchen Chicken and Vegetable Dumplings,250g,$1.20/100g,$3.00,$0.00
PAK'nSAVE Westgate,Leanne's Kitchen Vegetarian Dumplings,250g,$1.20/100g,$3.00,$0.00
PAK'nSAVE Westgate,Dad's Pies Sausage Roll,120g,$2.50/100g,$3.00,$0.00
PAK'nSAVE Westgate,Dairyworks Mozzarella Grated Cheese,100g,$3.00/100g,$3.00,$0.00
PAK'nSAVE Westgate,Dairyworks Tasty Grated Cheese,100g,$3.00/100g,$3.00,$0.00
PAK'nSAVE Westgate,Griffin's Milk Arrowroot Biscuits,250g,$1.28/100g,2 for $5.50 ($2.75 ea),$0.44 ea
PAK'nSAVE Westgate,Griffin's Gingernuts Biscuits,250g,$1.28/100g,2 for $5.50 ($2.75 ea),$0.44 ea
PAK'nSAVE Westgate,Griffin's Waffle Caramel Spice Biscuits,195g,$1.64/100g,2 for $5.50 ($2.75 ea),$0.44 ea
PAK'nSAVE Westgate,Griffin's Krispie Biscuits,250g,$1.28/100g,2 for $5.50 ($2.75 ea),$0.44 ea
PAK'nSAVE Westgate,Griffin's Malt Biscuits,250g,$1.28/100g,2 for $5.50 ($2.75 ea),$0.44 ea
PAK'nSAVE Westgate,Griffin's Vanilla Wine Biscuits,250g,$1.28/100g,2 for $5.50 ($2.75 ea),$0.44 ea
PAK'nSAVE Westgate,Griffin's Super Wine Biscuits,250g,$1.28/100g,2 for $5.50 ($2.75 ea),$0.44 ea
PAK'nSAVE Westgate,Hutton's Ham & Chicken Flavoured Luncheon,250g,$12.76/1kg,$3.19,$0.00
PAK'nSAVE Westgate,Griffin's Fruit Digestive Biscuits,250g,$1.28/100g,2 for $5.50 ($2.75 ea),$0.44 ea
PAK'nSAVE Westgate,Doritos Cheese Supreme Corn Chips Multipack,5 x 18g,$3.66/100g,$3.29,$0.00
PAK'nSAVE Westgate,Sunbites Grain Waves Sour Cream & Chives Wholegrain Chips Multipack,6 x 18g,$3.05/100g,$3.29,$0.00
PAK'nSAVE Westgate,Bluebird Original Ready Salted Potato Chips Multipack,6 x 18g,$3.05/100g,$3.29,$0.00
PAK'nSAVE Westgate,Bluebird Originals Chicken Potato Chips Multipack,6 x 18g,$3.05/100g,$3.29,$0.00
PAK'nSAVE Westgate,Copper Kettle Sea Salt Potato Chips Multipack,5 x 22g,$2.99/100g,$3.29,$0.00
PAK'nSAVE Westgate,Got Rice Wasabi Rice Crackers,85g,$3.87/100g,$3.29,$0.00
PAK'nSAVE Westgate,Got Rice Original Rice Balls,85g,$3.87/100g,$3.29,$0.00
PAK'nSAVE Westgate,Chobani Fit Mango Greek Style Yoghurt,150g,$2.19/100g,$3.29,$0.00
PAK'nSAVE Westgate,Chobani Fit Vanilla Greek Style Yoghurt,160g,$2.06/100g,$3.29,$0.00
PAK'nSAVE Westgate,Chobani Fit Strawberry Yoghurt,160g,$2.06/100g,$3.29,$0.00
PAK'nSAVE Westgate,Bluebird Poppa Jacks Corn Snacks Multipack,6 x 12g,$4.57/100g,$3.29,$0.00
PAK'nSAVE Westgate,Bluebird Twisties Cheese Corn Snacks Multipack,6 x 18g,$3.05/100g,$3.29,$0.00
PAK'nSAVE Westgate,Doritos Thai Sweet Chilli Corn Chips Multipack,5 x 18g,$3.66/100g,$3.29,$0.00
PAK'nSAVE Westgate,Delmaine Fresh Pasta Mista Fettuccine,250g,$1.32/100g,$3.29,$0.00
PAK'nSAVE Westgate,Bluebird Delisio Sweet Chilli Relish Potato Chips Multipack,5 x 18g,$3.66/100g,$3.29,$0.00
PAK'nSAVE Westgate,Chobani Stay Fit With Vanilla Greek Yogurt,150g,$2.19/100g,$3.29,$0.00
PAK'nSAVE Westgate,Chobani Live Fit With Raspberry Greek Yogurt Pouch,150g,$2.19/100g,$3.29,$0.00
PAK'nSAVE Westgate,Delmaine Egg Spaghetti Pasta,250g,$1.32/100g,$3.29,$0.00
PAK'nSAVE Westgate,Masterfoods Finely Crushed Garlic Jar,170g,$19.35/1kg,$3.29,$0.00
PAK'nSAVE Westgate,Chobani Find Fit With Salted Caramel Greek Yogurt,160g,$2.06/100g,$3.29,$0.00
PAK'nSAVE Westgate,McCain Superfries Steak Cut Chips,900g,$3.66/1kg,$3.29,$0.00
PAK'nSAVE Westgate,Wattie's Irish Stew With Lamb Hearty Soup,535g,$0.61/100g,$3.29,$0.00
PAK'nSAVE Westgate,Wattie's Very Special Creamy Pumpkin Soup,535g,$0.61/100g,$3.29,$0.00
PAK'nSAVE Westgate,Wattie's Very Special Creamy Tomato Soup,535g,$0.61/100g,$3.29,$0.00
PAK'nSAVE Westgate,Wattie's Very Special Creamy Mushroom Soup,520g,$0.63/100g,$3.29,$0.00
PAK'nSAVE Westgate,Wattie's Very Special Creamy Chicken Soup,535g,$0.61/100g,$3.29,$0.00
PAK'nSAVE Westgate,Wattie's Very Special Country Chicken Soup,535g,$0.61/100g,$3.29,$0.00
PAK'nSAVE Westgate,Wattie's Very Special Italian Minestrone Soup,535g,$0.61/100g,$3.29,$0.00
PAK'nSAVE Westgate,Wattie's Beef Hotpot Hearty Soup,535g,$0.61/100g,$3.29,$0.00
PAK'nSAVE Westgate,Wattie's Peppered Steak Hearty Soup,535g,$0.61/100g,$3.29,$0.00
PAK'nSAVE Westgate,Wattie's Butter Chicken Hearty Soup,535g,$0.61/100g,$3.29,$0.00
PAK'nSAVE Westgate,Cheetos Crunchy Cheese Flavoured Snacks Multipack,6 x 19g,$2.89/100g,$3.29,$0.00
PAK'nSAVE Westgate,Wattie's Very Special Potato & Leek Soup,535g,$0.61/100g,$3.29,$0.00
PAK'nSAVE Westgate,McCain Superfries Shoestring Chips,900g,$3.66/1kg,$3.29,$0.00
PAK'nSAVE Westgate,McCain Superfries Straight Cut Chips,900g,$3.66/1kg,$3.29,$0.00
PAK'nSAVE Westgate,McCain Superfries Crinkle Cut Chips,900g,$3.66/1kg,$3.29,$0.00
PAK'nSAVE Westgate,Arnott's Mint Slice Biscuits,200g,$1.65/100g,$3.29,$0.00
PAK'nSAVE Westgate,Verkerks Pizza Salami,90g,$37.67/1kg,$3.39,$0.00
PAK'nSAVE Westgate,Verkerks Lean Pepperoni Salami,100g,$33.90/1kg,$3.39,$0.00
PAK'nSAVE Westgate,Verkerks Cheese Lunchbox Salamis,100g,$33.90/1kg,$3.39,$0.00
PAK'nSAVE Westgate,Verkerks Lean Danish Salami,100g,$33.90/1kg,$3.39,$0.00
PAK'nSAVE Westgate,Verkerks Italian Salami,100g,$33.90/1kg,$3.39,$0.00
PAK'nSAVE Westgate,Verkerks Chorizo Salami,100g,$33.90/1kg,$3.39,$0.00
PAK'nSAVE Westgate,Verkerks Pepperoni Salami,100g,$33.90/1kg,$3.39,$0.00
PAK'nSAVE Westgate,Verkerks Danish Salami,100g,$33.90/1kg,$3.39,$0.00
PAK'nSAVE Westgate,Nuttelex Buttery Spread,375g,$0.90/100g,$3.39,$0.00
PAK'nSAVE Westgate,Chesdale Processed Colby Cheese Slices,250g,$1.40/100g,$3.49,$0.00
PAK'nSAVE Westgate,NERDS Theatre Box Rainbow Candy,141g,$2.48/100g,$3.49,$0.00
PAK'nSAVE Westgate,NERDS Grape & Strawberry Theatre Box Candy,141g,$2.48/100g,$3.49,$0.00
PAK'nSAVE Westgate,Top Notch BB Beef Grillers,6 x 50g,$11.63/1kg,$3.49,$0.00
PAK'nSAVE Westgate,Chesdale Processed Tasty Cheese Slices,250g,$1.40/100g,$3.49,$0.00
PAK'nSAVE Westgate,Chesdale Processed Smoked Cheese Slices,250g,$1.40/100g,$3.49,$0.00
PAK'nSAVE Westgate,Chesdale Processed Chives Cheese Slices,250g,$1.40/100g,$3.49,$0.00
PAK'nSAVE Westgate,Chesdale Cheddar Cheese Slices,250g,$1.40/100g,$3.49,$0.00
PAK'nSAVE Westgate,Chesdale Processed Edam Cheese Slices,250g,$1.40/100g,$3.49,$0.00
PAK'nSAVE Westgate,Ceres Organics Organic Original Coconut Wafer Rolls,80g,$4.36/100g,$3.49,$0.00
PAK'nSAVE Westgate,Griffin's Toffee Pops Caramelised White Chocolate Biscuits,200g,$1.75/100g,$3.49,$0.00
PAK'nSAVE Westgate,Mrs Rogers Naturals Coarse Himalayan Pink Salt,1kg,$0.03/10g,$3.49,$0.00
PAK'nSAVE Westgate,Mrs Rogers Himalayan Pink Salt Fine Bag,1kg,$0.03/10g,$3.49,$0.00
PAK'nSAVE Westgate,"Wattie's Steam Fresh Sweetcorn, Carrots & Broccoli Vege Mix",320g,$10.91/1kg,$3.49,$0.00
PAK'nSAVE Westgate,Wattie's Macaroni Cheese,270g,$1.29/100g,$3.49,$0.00
PAK'nSAVE Westgate,Wattie's Butter Chicken,250g,$1.40/100g,$3.49,$0.00
PAK'nSAVE Westgate,Wattie's Beef Lasagne,250g,$1.40/100g,$3.49,$0.00
PAK'nSAVE Westgate,Wattie's Fish Pie,250g,$1.40/100g,$3.49,$0.00
PAK'nSAVE Westgate,Wattie's Cottage Pie,270g,$1.29/100g,$3.49,$0.00
PAK'nSAVE Westgate,Wattie's Cheesy Bacon Pasta,250g,$1.40/100g,$3.49,$0.00
PAK'nSAVE Westgate,Wattie's Steam Fresh Green Beans Broccoli & Sugarsnap Peas Vege Mix,320g,$10.91/1kg,$3.49,$0.00
PAK'nSAVE Westgate,Griffin's Toffee Pops Original Chocolate Biscuits,200g,$1.75/100g,$3.49,$0.00
PAK'nSAVE Westgate,Griffin's MallowPuffs Original Chocolate Biscuits,200g,$1.75/100g,$3.49,$0.00
PAK'nSAVE Westgate,Griffin's MallowPuffs Double Chocolate Biscuits,200g,$1.75/100g,$3.49,$0.00
PAK'nSAVE Westgate,Griffin's Chocolate Macaroon Biscuits,200g,$1.75/100g,$3.49,$0.00
PAK'nSAVE Westgate,McCain Pub Style Steak Cut Beer Batter Chips,750g,$4.65/1kg,$3.49,$0.00
PAK'nSAVE Westgate,Griffin's Chocolate Sultana Pasties Biscuits,185g,$1.89/100g,$3.49,$0.00
PAK'nSAVE Westgate,Griffin's Squiggles Hokey Pokey Chocolate Biscuits,215g,$1.62/100g,$3.49,$0.00
PAK'nSAVE Westgate,"Wattie's Steam Fresh Broccoli, Carrots & Baby Peas Vege Mix",2 x 160g,$10.91/1kg,$3.49,$0.00
PAK'nSAVE Westgate,Griffin's Raspberry Macaroon Chocolate Biscuits,200g,$1.75/100g,$3.49,$0.00
PAK'nSAVE Westgate,McCain AirFryer Steak Cut Chips,750g,$4.65/1kg,$3.49,$0.00
PAK'nSAVE Westgate,Griffin's Squiggles Candy Chocolate Biscuits,215g,$1.62/100g,$3.49,$0.00
PAK'nSAVE Westgate,Aunt Betty's Saucy Centres Banoffee Banana Caramel Pudding,2 x 100g,$1.78/100g,$3.55,$0.00
PAK'nSAVE Westgate,Aunt Betty's Saucy Centres Chocolate Churro Puddings,2 x 100g,$1.78/100g,$3.55,$0.00
PAK'nSAVE Westgate,Aunt Betty's Saucy Centres Chocolate Puddings,2 x 100g,$1.78/100g,$3.55,$0.00
PAK'nSAVE Westgate,Mexicano Cheese Corn Chips,300g,$1.20/100g,$3.59,$0.00
PAK'nSAVE Westgate,Mexicano Jalapeno Corn Chips,300g,$1.20/100g,$3.59,$0.00
PAK'nSAVE Westgate,Mexicano Natural Corn Chips,300g,$1.20/100g,$3.59,$0.00
PAK'nSAVE Westgate,Mexicano Tasty Salsa Corn Chips,300g,$1.20/100g,$3.59,$0.00
PAK'nSAVE Westgate,Continental Chicken Curry Flavour Pasta & Sauce,145g,$2.48/100g,$3.59,$0.00
PAK'nSAVE Westgate,Continental Four Cheeses Pasta & Sauce,145g,$2.48/100g,$3.59,$0.00
PAK'nSAVE Westgate,Country Pride Shaved Leg Ham,200g,$17.95/1kg,$3.59,$0.00
PAK'nSAVE Westgate,Wattie's Tomato Sauce,560g,$0.66/100g,$3.69,$0.00
PAK'nSAVE Westgate,Wattie's BBQ Sauce,560g,$0.66/100g,$3.69,$0.00
PAK'nSAVE Westgate,Wattie's Smoked Hickory Flavoured BBQ Sauce,560g,$0.66/100g,$3.69,$0.00
PAK'nSAVE Westgate,Wattie's 50% Less Sugar Tomato Sauce Upside Down,540g,$0.68/100g,$3.69,$0.00
PAK'nSAVE Westgate,Wattie's Steak Sauce,560g,$0.66/100g,$3.69,$0.00
PAK'nSAVE Westgate,Wattie's Spaghetti With Sausages,420g,$0.88/100g,$3.69,$0.00
PAK'nSAVE Westgate,Wattie's Baked Beans With Sausages,420g,$0.88/100g,$3.69,$0.00
PAK'nSAVE Westgate,John West Chunk Style Tuna Olive Oil Blend,185g,$20.00/1kg,2 for $5.00 ($2.50 ea),$1.20 ea
PAK'nSAVE Westgate,John West Chunk Style Tuna In Springwater,185g,$20.00/1kg,2 for $5.00 ($2.50 ea),$1.20 ea
PAK'nSAVE Westgate,Fibre One Lemon Drizzle Squares,5 x 24g,$3.16/100g,$3.79,$0.00
PAK'nSAVE Westgate,Fibre One Chocolate Fudge Brownies,5 x 24g,$3.16/100g,$3.79,$0.00
PAK'nSAVE Westgate,Act II Light Butter Flavour Microwave Popcorn,241g,$1.57/100g,$3.79,$0.00
PAK'nSAVE Westgate,Cheetos Crunchy Cheese Corn Snacks Party Bag,210g,$1.80/100g,$3.79,$0.00
PAK'nSAVE Westgate,Cheetos Flamin' Hot Crunchy Corn Snacks Party Bag,210g,$1.80/100g,$3.79,$0.00
PAK'nSAVE Westgate,Fibre One Cookies & Creme Drizzle Squares,120g,$3.16/100g,$3.79,$0.00
PAK'nSAVE Westgate,Wattie's Baby Peas,750g,$5.05/1kg,$3.79,$0.00
PAK'nSAVE Westgate,Harraways Apple Sultana & Cinnamon Big Serve Oat Sachets,7 x 45g,$1.20/100g,$3.79,$0.00
PAK'nSAVE Westgate,Harraways Berry Bonanza Big Serve Oat Sachets,7 x 45g,$1.20/100g,$3.79,$0.00
PAK'nSAVE Westgate,Act II Butter Lovers Flavour Microwave Popcorn,3pk,$1.49/100g,$3.79,$0.00
PAK'nSAVE Westgate,Harraways Kamahi Honey & Golden Syrup Big Serve Oat Sachets,7 x 45g,$1.20/100g,$3.79,$0.00
PAK'nSAVE Westgate,Act II Butter Flavour Microwave Popcorn,3pk,$1.49/100g,$3.79,$0.00
PAK'nSAVE Westgate,Sanitarium Ricies,460g,$0.82/100g,$3.79,$0.00
PAK'nSAVE Westgate,Fibre One Apple Pie Flavoured Squares,5 x 24g,$3.16/100g,$3.79,$0.00
PAK'nSAVE Westgate,Harraways Fibre Rich Creamy Original Big Serve Oat Sachets,7 x 45g,$1.20/100g,$3.79,$0.00
PAK'nSAVE Westgate,Wattie's Mixed Veges,1kg,$3.79/1kg,$3.79,$0.00
PAK'nSAVE Westgate,Wattie's Garden Peas,1kg,$3.79/1kg,$3.79,$0.00
PAK'nSAVE Westgate,Sanitarium Skippy Cornflakes,500g,$0.78/100g,$3.89,$0.00
PAK'nSAVE Westgate,Heinz Salad Cream,250g,$1.56/100g,$3.89,$0.00
PAK'nSAVE Westgate,Turkish Bread Classic Naan Bread,2pk,$1.95/ea,$3.89,$0.00
PAK'nSAVE Westgate,Turkish Bread Garlic Naan Bread,2pk,$1.95/ea,$3.89,$0.00
PAK'nSAVE Westgate,Massel Chicken Flavour Gourmet Stock Liquid,1l,$0.39/100ml,$3.89,$0.00
PAK'nSAVE Westgate,Massel Vegetable Flavour Gourmet Stock Liquid,1l,$0.39/100ml,$3.89,$0.00
PAK'nSAVE Westgate,Massel Beef Flavour Gourmet Stock Liquid,1l,$0.39/100ml,$3.89,$0.00
PAK'nSAVE Westgate,Pams Cheddar Cheese Wedges,120g,$3.33/100g,$3.99,$0.00
PAK'nSAVE Westgate,Pams Creamy Cheese Wedges,120g,$3.33/100g,$3.99,$0.00
PAK'nSAVE Westgate,Only Organic Enrich Portobello Mushroom & Potato Wholesome Soup,320g,$1.25/100g,$3.99,$0.00
PAK'nSAVE Westgate,Only Organic Restore Cauliflower Potato With Coconut & Cumin Wholesome Soup,320g,$1.25/100g,$3.99,$0.00
PAK'nSAVE Westgate,Lisa's Hot & Spicy Hummus Dip With Jalapeno & Sriracha,200g,$2.00/100g,$3.99,$0.00
PAK'nSAVE Westgate,Rose Apples,kg,$3.99/1kg,$3.99,$0.00
PAK'nSAVE Westgate,Only Organic Sustain Vegetable Minestrone Pasta & Pumpkin Seeds Wholesome Soup,320g,$1.25/100g,$3.99,$0.00
PAK'nSAVE Westgate,Only Organic Boost Pumpkin Red Lentils With Coconut & Turmeric Wholesome Soup,320g,$1.25/100g,$3.99,$0.00
PAK'nSAVE Westgate,Lisa's Caramelised Onion Hummus With Rosemary & Lemon,200g,$2.00/100g,$3.99,$0.00
PAK'nSAVE Westgate,Lisa's Pumpkin & Kumara With Cumin,200g,$2.00/100g,$3.99,$0.00
PAK'nSAVE Westgate,Lisa's Gloriously Garlic Hummus With Lemon,200g,$2.00/100g,$3.99,$0.00
PAK'nSAVE Westgate,Lisa's Chargrilled Capsicum Hummus With Paprika,200g,$2.00/100g,$3.99,$0.00
PAK'nSAVE Westgate,Lisa's Beetroot Hummus With Roasted Cashews,200g,$2.00/100g,$3.99,$0.00
PAK'nSAVE Westgate,Lisa's Smokey Hummus With Garlic,200g,$2.00/100g,$3.99,$0.00
PAK'nSAVE Westgate,Calbee Harvest Snaps Hot Cross Bun Flavour Baked Pea Crisps,120g,$3.33/100g,$3.99,$0.00
PAK'nSAVE Westgate,Calbee Harvest Snaps Sour Cream & Chives Scoopers,90g,$4.43/100g,$3.99,$0.00
PAK'nSAVE Westgate,Only Organic Spring Greens & Ancient Grains Risotto Nourishing Bowl,300g,$1.33/100g,$3.99,$0.00
PAK'nSAVE Westgate,Calbee Harvest Snaps Chilli Baked Pea Crisps,120g,$3.33/100g,$3.99,$0.00
PAK'nSAVE Westgate,Calbee Harvest Snaps Salt & Vinegar Flavour Baked Pea Crisps,120g,$3.33/100g,$3.99,$0.00
PAK'nSAVE Westgate,Calbee Harvest Snaps Wasabi Flavour Baked Pea Crisps,120g,$3.33/100g,$3.99,$0.00
PAK'nSAVE Westgate,Calbee Harvest Snaps Original Salted Baked Pea Crisps,120g,$3.33/100g,$3.99,$0.00
PAK'nSAVE Westgate,Giannis Lebanese Bread,4pk,$1.00/ea,$3.99,$0.00
PAK'nSAVE Westgate,Continental Stock Pot Sensations Salt Reduced Chicken Stock,4 x 28g,$3.56/100g,$3.99,$0.00
PAK'nSAVE Westgate,Griffin's Toffee Pops Original Minis Chocolate Biscuits,5 x 25g,$3.19/100g,$3.99,$0.00
PAK'nSAVE Westgate,Griffin's Squiggles Hokey Pokey Minis Chocolate Biscuits,5 x 25g,$3.19/100g,$3.99,$0.00
PAK'nSAVE Westgate,Campbell's Real Stock Chicken Stock Liquid,1l,$0.40/100ml,$3.99,$0.00
PAK'nSAVE Westgate,Campbell's Real Stock Salt Reduced Chicken Stock Liquid,1l,$0.40/100ml,$3.99,$0.00
PAK'nSAVE Westgate,Campbell's Real Stock Beef Stock Liquid,1l,$0.40/100ml,$3.99,$0.00
PAK'nSAVE Westgate,Campbell's Real Stock Vegetable Stock Liquid,1l,$0.40/100ml,$3.99,$0.00
PAK'nSAVE Westgate,Campbell's Real Stock Salt Reduced Beef Stock Liquid,1l,$0.40/100ml,$3.99,$0.00
PAK'nSAVE Westgate,Boring Oat Milk Barista Grade,1l,$3.99/1L,$3.99,$0.00
PAK'nSAVE Westgate,Boring No Added Sugar Oat Milk,1l,$3.99/1L,$3.99,$0.00
PAK'nSAVE Westgate,Waffle On Choc Chip Waffles,4pk,$1.00/ea,$3.99,$0.00
PAK'nSAVE Westgate,Waffle On Vanilla Waffles,4pk,$1.00/ea,$3.99,$0.00
PAK'nSAVE Westgate,Continental Stock Pot Sensations Vegetable Stock,4 x 28g,$3.56/100g,$3.99,$0.00
PAK'nSAVE Westgate,Exotic Food Red Curry Paste,220g,$1.81/100g,$3.99,$0.00
PAK'nSAVE Westgate,Exotic Food Green Curry Paste,220g,$1.81/100g,$3.99,$0.00
PAK'nSAVE Westgate,Marcel's Petite Happy Pancakes,24pk,$2.00/100g,$3.99,$0.00
PAK'nSAVE Westgate,Continental Stock Pot Sensations Beef Stock,4 x 28g,$3.56/100g,$3.99,$0.00
PAK'nSAVE Westgate,Continental Stock Pot Sensations Chicken Stock,4 x 28g,$3.56/100g,$3.99,$0.00
PAK'nSAVE Westgate,Mainland Special Reserve Creamy Camembert Cheese,125g,$3.19/100g,$3.99,$0.00
PAK'nSAVE Westgate,Mainland Special Reserve Creamy Brie Cheese,125g,$3.19/100g,$3.99,$0.00
PAK'nSAVE Westgate,Continental Red Wine Stock Pot,104g,$0.38/10g,$3.99,$0.00
PAK'nSAVE Westgate,Superb Herb Cut Sage,15g,$2.66/10g,$3.99,$0.00
PAK'nSAVE Westgate,Continental White Wine Stock Pot,104g,$3.84/100g,$3.99,$0.00
PAK'nSAVE Westgate,Birds Eye Golden Crunch Chips,750g,$5.39/1kg,$4.04,$0.00
PAK'nSAVE Westgate,Birds Eye Golden Crunch Wedges,750g,$5.39/1kg,$4.04,$0.00
PAK'nSAVE Westgate,Birds Eye Golden Crunch Crinkles Chips,750g,$5.39/1kg,$4.04,$0.00
PAK'nSAVE Westgate,Aunt Betty's Creamy Rice Vanilla,4 x 100g,$1.01/100g,$4.05,$0.00
PAK'nSAVE Westgate,Aunt Betty's Chocolate Flavoured Creamy Rice,4 x 100g,$1.01/100g,$4.05,$0.00
PAK'nSAVE Westgate,Value Pack Honey Roasted Peanuts,300g,$1.36/100g,$4.09,$0.00
PAK'nSAVE Westgate,Wattie's Plant Proteinz Lentil & Roasted Kumara Dahl With Ginger & Turmeric,330g,$1.24/100g,$4.09,$0.00
PAK'nSAVE Westgate,Wattie's 7 Veg Soup With Superfood Quinoa,330g,$1.24/100g,$4.09,$0.00
PAK'nSAVE Westgate,Patak's Cashew & Coconut Simmer Sauce,450g,$0.93/100g,$4.19,$0.00
PAK'nSAVE Westgate,Obela Delisio Thai Chilli & Lime With Cashews Dip,135g,$3.10/100g,$4.19,$0.00
PAK'nSAVE Westgate,Arla Protein Chocolate Flavour Pudding,200g,$2.10/100g,$4.19,$0.00
PAK'nSAVE Westgate,Patak's Butter Chicken Mild Simmer Sauce,450g,$0.93/100g,$4.19,$0.00
PAK'nSAVE Westgate,Patak's Tikka Masala Simmer Sauce,450g,$0.93/100g,$4.19,$0.00
PAK'nSAVE Westgate,Patak's Korma Simmer Sauce,450g,$0.93/100g,$4.19,$0.00
PAK'nSAVE Westgate,Arla Protein Salted Caramel Flavour Pudding,200g,$2.10/100g,$4.19,$0.00
PAK'nSAVE Westgate,Obela Delisio Basil Pesto With Cashews Dip,135g,$3.10/100g,$4.19,$0.00
PAK'nSAVE Westgate,Patak's Butter Chicken Spicy Simmer Sauce,450g,$0.93/100g,$4.19,$0.00
PAK'nSAVE Westgate,Arnott's Soft Bake Minis White Choc Macadamia Cookies,150g,$2.86/100g,$4.29,$0.00
PAK'nSAVE Westgate,Turkish Kitchen Feta + Fresh Spinach Dip,180g,$2.38/100g,$4.29,$0.00
PAK'nSAVE Westgate,Arnott's Jatz Gluten Free Cracker,130g,$3.30/100g,$4.29,$0.00
PAK'nSAVE Westgate,Arnott's Shapes Gluten Free Crimpy Chicken Crackers,110g,$3.90/100g,$4.29,$0.00
PAK'nSAVE Westgate,Arnott's Shapes Gluten Free Barbecue Snacks,110g,$3.90/100g,$4.29,$0.00
PAK'nSAVE Westgate,Turkish Kitchen Feta and Chilli Jam With Red Peppers Dip,180g,$2.38/100g,$4.29,$0.00
PAK'nSAVE Westgate,Turkish Kitchen Roasted Beetroot & Feta With Fresh Thyme Dip,180g,$2.38/100g,$4.29,$0.00
PAK'nSAVE Westgate,Arnott's Soft Bake Minis Double Choc Cookies,150g,$2.86/100g,$4.29,$0.00
PAK'nSAVE Westgate,Barker's Strawberry & Apple Fruit Topper,300g,$1.46/100g,$4.39,$0.00
PAK'nSAVE Westgate,Barker's Mixed Berry Fruit Topper,300g,$1.46/100g,$4.39,$0.00
PAK'nSAVE Westgate,Easiyo Everyday Smooth & Creamy Forest Fruits Flavoured Yogurt Base,200g,$2.20/100g,$4.39,$0.00
PAK'nSAVE Westgate,Easiyo Everyday Smooth & Creamy Vanilla Flavoured Yogurt Base,200g,$2.20/100g,$4.39,$0.00
PAK'nSAVE Westgate,Easiyo Natural Unsweetened Yogurt Base,140g,$3.14/100g,$4.39,$0.00
PAK'nSAVE Westgate,Easiyo Everyday Smooth & Creamy Strawberry Flavoured Yogurt Base,200g,$2.20/100g,$4.39,$0.00
PAK'nSAVE Westgate,Easiyo Everyday Smooth & Creamy Apricot Flavoured Yogurt Base,200g,$2.20/100g,$4.39,$0.00
PAK'nSAVE Westgate,Musashi Cookies & Cream Flavour High Protein Bar,90g,$4.99/100g,$4.49,$0.00
PAK'nSAVE Westgate,Musashi Strawberry Milkshake Flavour High Protein Milk Drink,375ml,$11.97/1L,$4.49,$0.00
PAK'nSAVE Westgate,Nando's Peri-Peri Lemon & Herb Marinade,260g,$1.73/100g,$4.49,$0.00
PAK'nSAVE Westgate,Tip Top Supersoft Cheese Muffins,8 x 65g,$0.56/ea,$4.49,$0.00
PAK'nSAVE Westgate,Tip Top Supersoft English Muffins,8 x 65g,$0.56/ea,$4.49,$0.00
PAK'nSAVE Westgate,Jack Link's Beef Biltong Original,40g,$112.25/1kg,$4.49,$0.00
PAK'nSAVE Westgate,Musashi Vanilla Milkshake Flavour High Protein Milk Drink,375ml,$11.97/1L,$4.49,$0.00
PAK'nSAVE Westgate,Musashi Chocolate Flavour High Protein Milk Drink,375ml,$11.97/1L,$4.49,$0.00
PAK'nSAVE Westgate,Nando's Peri-Peri Medium Quick Marinade,262g,$1.71/100g,$4.49,$0.00
PAK'nSAVE Westgate,Rebel Original Bagels,4pk,$1.12/ea,$4.49,$0.00
PAK'nSAVE Westgate,Rebel Sesame Bagels,4pk,$1.12/ea,$4.49,$0.00
PAK'nSAVE Westgate,Rebel Low Carb Max Bagels,4pk,$1.12/ea,$4.49,$0.00
PAK'nSAVE Westgate,Proper Crisps Marlborough Sea Salt Potato Crisps,150g,$2.99/100g,$4.49,$0.00
PAK'nSAVE Westgate,Proper Crisps Cider Vinegar & Sea Salt Potato Crisps,140g,$3.21/100g,$4.49,$0.00
PAK'nSAVE Westgate,Turkish Kitchen Hot Smoked Salmon Dill & Cashew,140g,$3.21/100g,$4.49,$0.00
PAK'nSAVE Westgate,Musashi Dark Choc Salted Caramel High Protein Bar,90g,$4.99/100g,$4.49,$0.00
PAK'nSAVE Westgate,Musashi Milk Chocolate Brownie Flavour High Protein Bar,90g,$4.99/100g,$4.49,$0.00
PAK'nSAVE Westgate,Musashi Peanut Butter Flavour High Protein Bar,90g,$4.99/100g,$4.49,$0.00
PAK'nSAVE Westgate,Musashi White Choc Caramel High Protein Bar,90g,$4.99/100g,$4.49,$0.00
PAK'nSAVE Westgate,Sandhurst Pitted Green Olives,350g,$12.83/1kg,$4.49,$0.00
PAK'nSAVE Westgate,Farrah's Flame Baked Taco Tortillas,12pk,$0.37/ea,$4.49,$0.00
PAK'nSAVE Westgate,Farrah's Flame Baked Tortillas,10pk,$0.45/ea,$4.49,$0.00
PAK'nSAVE Westgate,Farrah's Ultra Keto Taco Tortillas,8pk,$0.56/ea,$4.49,$0.00
PAK'nSAVE Westgate,Farrah's Low Carb Tortillas,10pk,$0.45/ea,$4.49,$0.00
PAK'nSAVE Westgate,Dad's Pies Steak & Cheese Pie,200g,$2.30/100g,$4.59,$0.00
PAK'nSAVE Westgate,Dad's Pies Mince & Cheese Pie,200g,$2.30/100g,$4.59,$0.00
PAK'nSAVE Westgate,Dad's Pies Butter Chicken Pie,200g,$2.30/100g,$4.59,$0.00
PAK'nSAVE Westgate,Dad's Pies Pepper Steak Pie,200g,$2.30/100g,$4.59,$0.00
PAK'nSAVE Westgate,Vegemite Spread,220g,$2.09/100g,$4.59,$0.00
PAK'nSAVE Westgate,Donovans Hokey Pokey Clusters,150g,$3.13/100g,$4.69,$0.00
PAK'nSAVE Westgate,Donovans Creamy Russian Fudge,200g,$2.35/100g,$4.69,$0.00
PAK'nSAVE Westgate,Donovans Rocky Road Clusters,150g,$3.13/100g,$4.69,$0.00
PAK'nSAVE Westgate,Macy and Tailor Sea Salt Classic Pretzel Multi Snack Pack,8 x 20g,$2.99/100g,$4.79,$0.00
PAK'nSAVE Westgate,Healtheries Cheese Potato Stix,160g,$2.99/100g,$4.79,$0.00
PAK'nSAVE Westgate,Healtheries Chicken Potato Stix,160g,$2.99/100g,$4.79,$0.00
PAK'nSAVE Westgate,Healtheries Roast Potato Stix,160g,$2.99/100g,$4.79,$0.00
PAK'nSAVE Westgate,Healtheries Sour Cream & Chives Potato Stix,160g,$2.99/100g,$4.79,$0.00
PAK'nSAVE Westgate,Farrah's Wraps Garden Spinach,6pk,$0.80/ea,$4.79,$0.00
PAK'nSAVE Westgate,Farrah's Wraps Premium White,6pk,$0.80/ea,$4.79,$0.00
PAK'nSAVE Westgate,Farrah's Wraps Wholemeal,6pk,$0.80/ea,$4.79,$0.00
PAK'nSAVE Westgate,Farrah's Wraps Garlic Butter,6pk,$0.80/ea,$4.79,$0.00
PAK'nSAVE Westgate,Farrah's Multigrain Wraps,6pk,$0.80/ea,$4.79,$0.00
PAK'nSAVE Westgate,Farrah's Wraps Italian Herb,6pk,$0.80/ea,$4.79,$0.00
PAK'nSAVE Westgate,Farrah's Smoky Chipotle Wraps,6pk,$0.80/ea,$4.79,$0.00
PAK'nSAVE Westgate,Farrah's Wraps Caramelised Onion,6pk,$0.80/ea,$4.79,$0.00
PAK'nSAVE Westgate,Arnott's Funsticks Choc Rolled Wafer Snack Pack,10 x 18g,$2.66/100g,$4.79,$0.00
PAK'nSAVE Westgate,The Laughing Cow Light Cheese Spread Wedges,8 x 16g,$3.82/100g,$4.89,$0.00
PAK'nSAVE Westgate,NZ Chicken Drumsticks,kg,$4.89/1kg,$4.89,$0.00
PAK'nSAVE Westgate,Fresh 'n Fruity Mixed Berry Yoghurt,1kg,$0.49/100g,$4.89,$0.00
PAK'nSAVE Westgate,Ghiotti Green Giant Olives,70g,$69.86/1kg,$4.89,$0.00
PAK'nSAVE Westgate,Musashi Chocolate Flavour Shred & Burn Protein Shake,375ml,$13.31/1L,$4.99,$0.00
PAK'nSAVE Westgate,Rempah Garlic Roti Chanai,240g,$2.08/100g,$4.99,$0.00
PAK'nSAVE Westgate,Rempah Roti Chanai 2 Pack,240g,$2.08/100g,$4.99,$0.00
PAK'nSAVE Westgate,Rempah Peanut Sauce,400g,$1.25/100g,$4.99,$0.00
PAK'nSAVE Westgate,Rempah Rendang Sauce,400g,$1.25/100g,$4.99,$0.00
PAK'nSAVE Westgate,Mainland Lunch On The Go Ploughman's Cheese & Crackers,110g,$4.54/100g,$4.99,$0.00
PAK'nSAVE Westgate,The Four Saucemen Salt Pepper Garlic Butter Seasoning,85g,$0.59/10g,$4.99,$0.00
PAK'nSAVE Westgate,The Four Saucemen Steak Rub Spice,80g,$0.62/10g,$4.99,$0.00
PAK'nSAVE Westgate,The Four Saucemen Grilled Chicken Spice,70g,$0.71/10g,$4.99,$0.00
PAK'nSAVE Westgate,Mainland Lunch On the Go Caramelised Onion Relish Cheese with Wheat Crackers,110g,$4.54/100g,$4.99,$0.00
PAK'nSAVE Westgate,Mainland Lunch On the Go Chilli Jam Cheese with Wheat Crackers,110g,$4.54/100g,$4.99,$0.00
PAK'nSAVE Westgate,Mainland Lunch On the Go Balsamic Beetroot Relish Cheese with Wheat Crackers,110g,$4.54/100g,$4.99,$0.00
PAK'nSAVE Westgate,Hengshun Sesame Oil,150ml,$3.33/100ml,$4.99,$0.00
PAK'nSAVE Westgate,Ingham's Frozen Whole Chicken,850g,$5.88/1kg,$5.00,$0.00
PAK'nSAVE Westgate,Talley's Mixed Vegetables,1kg,$5.05/1kg,$5.05,$0.00
PAK'nSAVE Westgate,Meadow Fresh Kalo Natural Greek Yoghurt,800g,$0.85/100g,$6.79,$0.00
PAK'nSAVE Westgate,Pams Washed White Potatoes,2.5kg,$2.80/1kg,$6.99,$0.00
PAK'nSAVE Westgate,Leigh Fish Premium Whole Snapper,kg,$14.99/1kg,$14.99,$0.00
PAK'nSAVE Westgate,NZ Beef Brisket,kg,$18.49/1kg,$18.49,$0.00
